	0	1	2
0	-2.000000000	-2.000000000	0.003328900
1	-2.000000000	-1.899999976	0.003695082
2	-2.000000000	-1.799999952	0.004109866
3	-2.000000000	-1.700000048	0.004581179
4	-2.000000000	-1.600000024	0.005118527
5	-2.000000000	-1.500000000	0.005733402
6	-2.000000000	-1.399999976	0.006439737
7	-2.000000000	-1.299999952	0.007254559
8	-2.000000000	-1.200000048	0.008198774
9	-2.000000000	-1.100000024	0.009298215
10	-2.000000000	-1.000000000	0.010584956
11	-2.000000000	-0.899999976	0.012098919
12	-2.000000000	-0.800000012	0.013889777
13	-2.000000000	-0.699999988	0.016018864
14	-2.000000000	-0.600000024	0.018560046
15	-2.000000000	-0.500000000	0.021596830
16	-2.000000000	-0.400000006	0.025207033
17	-2.000000000	-0.300000012	0.029409898
18	-2.000000000	-0.200000003	0.033998478
19	-2.000000000	-0.100000001	0.038037878
20	-2.000000000	0.000000000	0.038855560
21	-2.000000000	0.100000001	0.034318633
22	-2.000000000	0.200000003	0.027714867
23	-2.000000000	0.300000012	0.021699831
24	-2.000000000	0.400000006	0.016863327
25	-2.000000000	0.500000000	0.013121089
26	-2.000000000	0.600000024	0.010255747
27	-2.000000000	0.699999988	0.008061834
28	-2.000000000	0.800000012	0.006374948
29	-2.000000000	0.899999976	0.005070320
30	-2.000000000	1.000000000	0.004054920
31	-2.000000000	1.100000024	0.003259607
32	-2.000000000	1.200000048	0.002632861
33	-2.000000000	1.299999952	0.002136098
34	-2.000000000	1.399999976	0.001740224
35	-2.000000000	1.500000000	0.001423152
36	-2.000000000	1.600000024	0.001168001
37	-2.000000000	1.700000048	0.000961776
38	-2.000000000	1.799999952	0.000794417
39	-2.000000000	1.899999976	0.000658079
40	-2.000000000	2.000000000	0.000546617
41	-1.899999976	-2.000000000	0.003695082
42	-1.899999976	-1.899999976	0.004101649
43	-1.899999976	-1.799999952	0.004562195
44	-1.899999976	-1.700000048	0.005085520
45	-1.899999976	-1.600000024	0.005682202
46	-1.899999976	-1.500000000	0.006364994
47	-1.899999976	-1.399999976	0.007149385
48	-1.899999976	-1.299999952	0.008054293
49	-1.899999976	-1.200000048	0.009102954
50	-1.899999976	-1.100000024	0.010324086
51	-1.899999976	-1.000000000	0.011753322
52	-1.899999976	-0.899999976	0.013435037
53	-1.899999976	-0.800000012	0.015424456
54	-1.899999976	-0.699999988	0.017789727
55	-1.899999976	-0.600000024	0.020612961
56	-1.899999976	-0.500000000	0.023986910
57	-1.899999976	-0.400000006	0.027997917
58	-1.899999976	-0.300000012	0.032666847
59	-1.899999976	-0.200000003	0.037762351
60	-1.899999976	-0.100000001	0.042240877
61	-1.899999976	0.000000000	0.043122172
62	-1.899999976	0.100000001	0.038037878
63	-1.899999976	0.200000003	0.030668736
64	-1.899999976	0.300000012	0.023972901
65	-1.899999976	0.400000006	0.018599993
66	-1.899999976	0.500000000	0.014450427
67	-1.899999976	0.600000024	0.011278635
68	-1.899999976	0.699999988	0.008853960
69	-1.899999976	0.800000012	0.006992430
70	-1.899999976	0.899999976	0.005554776
71	-1.899999976	1.000000000	0.004437333
72	-1.899999976	1.100000024	0.003563196
73	-1.899999976	1.200000048	0.002875160
74	-1.899999976	1.299999952	0.002330437
75	-1.899999976	1.399999976	0.001896814
76	-1.899999976	1.500000000	0.001549863
77	-1.899999976	1.600000024	0.001270943
78	-1.899999976	1.700000048	0.001045717
79	-1.899999976	1.799999952	0.000863100
80	-1.899999976	1.899999976	0.000714461
81	-1.899999976	2.000000000	0.000593042
82	-1.799999952	-2.000000000	0.004109866
83	-1.799999952	-1.899999976	0.004562194
84	-1.799999952	-1.799999952	0.005074592
85	-1.799999952	-1.700000048	0.005656866
86	-1.799999952	-1.600000024	0.006320789
87	-1.799999952	-1.500000000	0.007080560
88	-1.799999952	-1.399999976	0.007953425
89	-1.799999952	-1.299999952	0.008960450
90	-1.799999952	-1.200000048	0.010127517
91	-1.799999952	-1.100000024	0.011486601
92	-1.799999952	-1.000000000	0.013077398
93	-1.799999952	-0.899999976	0.014949331
94	-1.799999952	-0.800000012	0.017163895
95	-1.799999952	-0.699999988	0.019797038
96	-1.799999952	-0.600000024	0.022940144
97	-1.799999952	-0.500000000	0.026696520
98	-1.799999952	-0.400000006	0.031162120
99	-1.799999952	-0.300000012	0.036359619
100	-1.799999952	-0.200000003	0.042029548
101	-1.799999952	-0.100000001	0.047004543
102	-1.799999952	0.000000000	0.047953371
103	-1.799999952	0.100000001	0.042240873
104	-1.799999952	0.200000003	0.033998478
105	-1.799999952	0.300000012	0.026528712
106	-1.799999952	0.400000006	0.020547938
107	-1.799999952	0.500000000	0.015938014
108	-1.799999952	0.600000024	0.012420808
109	-1.799999952	0.699999988	0.009736652
110	-1.799999952	0.800000012	0.007679197
111	-1.799999952	0.899999976	0.006092615
112	-1.799999952	1.000000000	0.004861162
113	-1.799999952	1.100000024	0.003899129
114	-1.799999952	1.200000048	0.003142867
115	-1.799999952	1.299999952	0.002544850
116	-1.799999952	1.399999976	0.002069343
117	-1.799999952	1.500000000	0.001689296
118	-1.799999952	1.600000024	0.001384080
119	-1.799999952	1.700000048	0.001137866
120	-1.799999952	1.799999952	0.000938418
121	-1.799999952	1.899999976	0.000776223
122	-1.799999952	2.000000000	0.000643845
123	-1.700000048	-2.000000000	0.004581179
124	-1.700000048	-1.899999976	0.005085520
125	-1.700000048	-1.799999952	0.005656866
126	-1.700000048	-1.700000048	0.006306156
127	-1.700000048	-1.600000024	0.007046524
128	-1.700000048	-1.500000000	0.007893817
129	-1.700000048	-1.399999976	0.008867279
130	-1.700000048	-1.299999952	0.009990435
131	-1.700000048	-1.200000048	0.011292152
132	-1.700000048	-1.100000024	0.012808132
133	-1.700000048	-1.000000000	0.014582691
134	-1.700000048	-0.899999976	0.016670993
135	-1.700000048	-0.800000012	0.019141715
136	-1.700000048	-0.699999988	0.022079598
137	-1.700000048	-0.600000024	0.025586687
138	-1.700000048	-0.500000000	0.029778207
139	-1.700000048	-0.400000006	0.034761034
140	-1.700000048	-0.300000012	0.040559866
141	-1.700000048	-0.200000003	0.046882853
142	-1.700000048	-0.100000001	0.052420788
143	-1.700000048	0.000000000	0.053440738
144	-1.700000048	0.100000001	0.047004540
145	-1.700000048	0.200000003	0.037762348
146	-1.700000048	0.300000012	0.029409898
147	-1.700000048	0.400000006	0.022738110
148	-1.700000048	0.500000000	0.017606499
149	-1.700000048	0.600000024	0.013698881
150	-1.700000048	0.699999988	0.010722227
151	-1.700000048	0.800000012	0.008444447
152	-1.700000048	0.899999976	0.006690771
153	-1.700000048	1.000000000	0.005331676
154	-1.700000048	1.100000024	0.004271434
155	-1.700000048	1.200000048	0.003439087
156	-1.700000048	1.299999952	0.002781740
157	-1.700000048	1.399999976	0.002259689
158	-1.700000048	1.500000000	0.001842918
159	-1.700000048	1.600000024	0.001508573
160	-1.700000048	1.700000048	0.001239140
161	-1.700000048	1.799999952	0.001021098
162	-1.700000048	1.899999976	0.000843949
163	-1.700000048	2.000000000	0.000699495
164	-1.600000024	-2.000000000	0.005118527
165	-1.600000024	-1.899999976	0.005682202
166	-1.600000024	-1.799999952	0.006320789
167	-1.600000024	-1.700000048	0.007046524
168	-1.600000024	-1.600000024	0.007874099
169	-1.600000024	-1.500000000	0.008821241
170	-1.600000024	-1.399999976	0.009909490
171	-1.600000024	-1.299999952	0.011165142
172	-1.600000024	-1.200000048	0.012620516
173	-1.600000024	-1.100000024	0.014315564
174	-1.600000024	-1.000000000	0.016299853
175	-1.600000024	-0.899999976	0.018635146
176	-1.600000024	-0.800000012	0.021398276
177	-1.600000024	-0.699999988	0.024684062
178	-1.600000024	-0.600000024	0.028606718
179	-1.600000024	-0.500000000	0.033295061
180	-1.600000024	-0.400000006	0.038868520
181	-1.600000024	-0.300000012	0.045353744
182	-1.600000024	-0.200000003	0.052421782
183	-1.600000024	-0.100000001	0.058600012
184	-1.600000024	0.000000000	0.059694208
185	-1.600000024	0.100000001	0.052420788
186	-1.600000024	0.200000003	0.042029545
187	-1.600000024	0.300000012	0.032666843
188	-1.600000024	0.400000006	0.025207032
189	-1.600000024	0.500000000	0.019482354
190	-1.600000024	0.600000024	0.015132278
191	-1.600000024	0.699999988	0.011825006
192	-1.600000024	0.800000012	0.009298848
193	-1.600000024	0.899999976	0.007357256
194	-1.600000024	1.000000000	0.005854935
195	-1.600000024	1.100000024	0.004684729
196	-1.600000024	1.200000048	0.003767365
197	-1.600000024	1.299999952	0.003043852
198	-1.600000024	1.399999976	0.002469984
199	-1.600000024	1.500000000	0.002012398
200	-1.600000024	1.600000024	0.001645734
201	-1.600000024	1.700000048	0.001350575
202	-1.600000024	1.799999952	0.001111963
203	-1.600000024	1.899999976	0.000918294
204	-1.600000024	2.000000000	0.000760518
205	-1.500000000	-2.000000000	0.005733402
206	-1.500000000	-1.899999976	0.006364994
207	-1.500000000	-1.799999952	0.007080560
208	-1.500000000	-1.700000048	0.007893816
209	-1.500000000	-1.600000024	0.008821241
210	-1.500000000	-1.500000000	0.009882728
211	-1.500000000	-1.399999976	0.011102416
212	-1.500000000	-1.299999952	0.012509813
213	-1.500000000	-1.200000048	0.014141185
214	-1.500000000	-1.100000024	0.016041331
215	-1.500000000	-1.000000000	0.018265899
216	-1.500000000	-0.899999976	0.020884147
217	-1.500000000	-0.800000012	0.023982307
218	-1.500000000	-0.699999988	0.027666781
219	-1.500000000	-0.600000024	0.032065671
220	-1.500000000	-0.500000000	0.037323419
221	-1.500000000	-0.400000006	0.043573707
222	-1.500000000	-0.300000012	0.050845459
223	-1.500000000	-0.200000003	0.058766473
224	-1.500000000	-0.100000001	0.065675542
225	-1.500000000	0.000000000	0.066846266
226	-1.500000000	0.100000001	0.058600012
227	-1.500000000	0.200000003	0.046882860
228	-1.500000000	0.300000012	0.036359619
229	-1.500000000	0.400000006	0.027997915
230	-1.500000000	0.500000000	0.021596836
231	-1.500000000	0.600000024	0.016743725
232	-1.500000000	0.699999988	0.013061716
233	-1.500000000	0.800000012	0.010254797
234	-1.500000000	0.899999976	0.008101343
235	-1.500000000	1.000000000	0.006437932
236	-1.500000000	1.100000024	0.005144334
237	-1.500000000	1.200000048	0.004131775
238	-1.500000000	1.299999952	0.003334322
239	-1.500000000	1.399999976	0.002702661
240	-1.500000000	1.500000000	0.002199636
241	-1.500000000	1.600000024	0.001797049
242	-1.500000000	1.700000048	0.001473347
243	-1.500000000	1.799999952	0.001211945
244	-1.500000000	1.899999976	0.000999999
245	-1.500000000	2.000000000	0.000827504
246	-1.399999976	-2.000000000	0.006439738
247	-1.399999976	-1.899999976	0.007149385
248	-1.399999976	-1.799999952	0.007953425
249	-1.399999976	-1.700000048	0.008867278
250	-1.399999976	-1.600000024	0.009909489
251	-1.399999976	-1.500000000	0.011102416
252	-1.399999976	-1.399999976	0.012473221
253	-1.399999976	-1.299999952	0.014055107
254	-1.399999976	-1.200000048	0.015888842
255	-1.399999976	-1.100000024	0.018024866
256	-1.399999976	-1.000000000	0.020525759
257	-1.399999976	-0.899999976	0.023469491
258	-1.399999976	-0.800000012	0.026953073
259	-1.399999976	-0.699999988	0.031096218
260	-1.399999976	-0.600000024	0.036043029
261	-1.399999976	-0.500000000	0.041956026
262	-1.399999976	-0.400000006	0.048985079
263	-1.399999976	-0.300000012	0.057161607
264	-1.399999976	-0.200000003	0.066063061
265	-1.399999976	-0.100000001	0.073809355
266	-1.399999976	0.000000000	0.075057626
267	-1.399999976	0.100000001	0.065675534
268	-1.399999976	0.200000003	0.052421786
269	-1.399999976	0.300000012	0.040559869
270	-1.399999976	0.400000006	0.031162120
271	-1.399999976	0.500000000	0.023986921
272	-1.399999976	0.600000024	0.018560052
273	-1.399999976	0.699999988	0.014451978
274	-1.399999976	0.800000012	0.011326778
275	-1.399999976	0.899999976	0.008933821
276	-1.399999976	1.000000000	0.007088787
277	-1.399999976	1.100000024	0.005656397
278	-1.399999976	1.200000048	0.004537003
279	-1.399999976	1.299999952	0.003656751
280	-1.399999976	1.399999976	0.002960504
281	-1.399999976	1.500000000	0.002406796
282	-1.399999976	1.600000024	0.001964214
283	-1.399999976	1.700000048	0.001608786
284	-1.399999976	1.799999952	0.001322095
285	-1.399999976	1.899999976	0.001089899
286	-1.399999976	2.000000000	0.000901119
287	-1.299999952	-2.000000000	0.007254559
288	-1.299999952	-1.899999976	0.008054294
289	-1.299999952	-1.799999952	0.008960450
290	-1.299999952	-1.700000048	0.009990435
291	-1.299999952	-1.600000024	0.011165142
292	-1.299999952	-1.500000000	0.012509813
293	-1.299999952	-1.399999976	0.014055107
294	-1.299999952	-1.299999952	0.015838452
295	-1.299999952	-1.200000048	0.017905906
296	-1.299999952	-1.100000024	0.020314343
297	-1.299999952	-1.000000000	0.023134423
298	-1.299999952	-0.899999976	0.026454132
299	-1.299999952	-0.800000012	0.030382998
300	-1.299999952	-0.699999988	0.035056096
301	-1.299999952	-0.600000024	0.040636133
302	-1.299999952	-0.500000000	0.047306258
303	-1.299999952	-0.400000006	0.055235267
304	-1.299999952	-0.300000012	0.064457044
305	-1.299999952	-0.200000003	0.074490272
306	-1.299999952	-0.100000001	0.083199501
307	-1.299999952	0.000000000	0.084524214
308	-1.299999952	0.100000001	0.073809363
309	-1.299999952	0.200000003	0.058766477
310	-1.299999952	0.300000012	0.045353740
311	-1.299999952	0.400000006	0.034761041
312	-1.299999952	0.500000000	0.026696531
313	-1.299999952	0.600000024	0.020612968
314	-1.299999952	0.699999988	0.016018873
315	-1.299999952	0.800000012	0.012531776
316	-1.299999952	0.899999976	0.009867297
317	-1.299999952	1.000000000	0.007816917
318	-1.299999952	1.100000024	0.006228025
319	-1.299999952	1.200000048	0.004988460
320	-1.299999952	1.299999952	0.004015283
321	-1.299999952	1.399999976	0.003246707
322	-1.299999952	1.500000000	0.002636355
323	-1.299999952	1.600000024	0.002149161
324	-1.299999952	1.700000048	0.001758408
325	-1.299999952	1.799999952	0.001443607
326	-1.299999952	1.899999976	0.001188939
327	-1.299999952	2.000000000	0.000982117
328	-1.200000048	-2.000000000	0.008198774
329	-1.200000048	-1.899999976	0.009102954
330	-1.200000048	-1.799999952	0.010127518
331	-1.200000048	-1.700000048	0.011292152
332	-1.200000048	-1.600000024	0.012620516
333	-1.200000048	-1.500000000	0.014141185
334	-1.200000048	-1.399999976	0.015888842
335	-1.200000048	-1.299999952	0.017905906
336	-1.200000048	-1.200000048	0.020244470
337	-1.200000048	-1.100000024	0.022968972
338	-1.200000048	-1.000000000	0.026159422
339	-1.200000048	-0.899999976	0.029915467
340	-1.200000048	-0.800000012	0.034361124
341	-1.200000048	-0.699999988	0.039649423
342	-1.200000048	-0.600000024	0.045964509
343	-1.200000048	-0.500000000	0.053513654
344	-1.200000048	-0.400000006	0.062487442
345	-1.200000048	-0.300000012	0.072922379
346	-1.200000048	-0.200000003	0.084267862
347	-1.200000048	-0.100000001	0.094089374
348	-1.200000048	0.000000000	0.095486663
349	-1.200000048	0.100000001	0.083199494
350	-1.200000048	0.200000003	0.066063046
351	-1.200000048	0.300000012	0.050845455
352	-1.200000048	0.400000006	0.038868517
353	-1.200000048	0.500000000	0.029778210
354	-1.200000048	0.600000024	0.022940151
355	-1.200000048	0.699999988	0.017789733
356	-1.200000048	0.800000012	0.013889791
357	-1.200000048	0.899999976	0.010916539
358	-1.200000048	1.000000000	0.008633339
359	-1.200000048	1.100000024	0.006867497
360	-1.200000048	1.200000048	0.005492413
361	-1.200000048	1.299999952	0.004414699
362	-1.200000048	1.399999976	0.003564941
363	-1.200000048	1.500000000	0.002891156
364	-1.200000048	1.600000024	0.002354100
365	-1.200000048	1.700000048	0.001923941
366	-1.200000048	1.799999952	0.001577841
367	-1.200000048	1.899999976	0.001298195
368	-1.200000048	2.000000000	0.001071349
369	-1.100000024	-2.000000000	0.009298215
370	-1.100000024	-1.899999976	0.010324086
371	-1.100000024	-1.799999952	0.011486603
372	-1.100000024	-1.700000048	0.012808132
373	-1.100000024	-1.600000024	0.014315564
374	-1.100000024	-1.500000000	0.016041331
375	-1.100000024	-1.399999976	0.018024866
376	-1.100000024	-1.299999952	0.020314343
377	-1.100000024	-1.200000048	0.022968974
378	-1.100000024	-1.100000024	0.026061984
379	-1.100000024	-1.000000000	0.029684296
380	-1.100000024	-0.899999976	0.033949185
381	-1.100000024	-0.800000012	0.038997617
382	-1.100000024	-0.699999988	0.045003507
383	-1.100000024	-0.600000024	0.052176118
384	-1.100000024	-0.500000000	0.060750846
385	-1.100000024	-0.400000006	0.070943475
386	-1.100000024	-0.300000012	0.082793340
387	-1.100000024	-0.200000003	0.095667809
388	-1.100000024	-0.100000001	0.106779985
389	-1.100000024	0.000000000	0.108241729
390	-1.100000024	0.100000001	0.094089374
391	-1.100000024	0.200000003	0.074490272
392	-1.100000024	0.300000012	0.057161599
393	-1.100000024	0.400000006	0.043573704
394	-1.100000024	0.500000000	0.033295058
395	-1.100000024	0.600000024	0.025586700
396	-1.100000024	0.699999988	0.019797048
397	-1.100000024	0.800000012	0.015424469
398	-1.100000024	0.899999976	0.012098930
399	-1.100000024	1.000000000	0.009550961
400	-1.100000024	1.100000024	0.007584474
401	-1.100000024	1.200000048	0.006056149
402	-1.100000024	1.299999952	0.004860543
403	-1.100000024	1.399999976	0.003919459
404	-1.100000024	1.500000000	0.003174468
405	-1.100000024	1.600000024	0.002581566
406	-1.100000024	1.700000048	0.002107365
407	-1.100000024	1.799999952	0.001726348
408	-1.100000024	1.899999976	0.001418886
409	-1.100000024	2.000000000	0.001169783
410	-1.000000000	-2.000000000	0.010584956
411	-1.000000000	-1.899999976	0.011753322
412	-1.000000000	-1.799999952	0.013077397
413	-1.000000000	-1.700000048	0.014582691
414	-1.000000000	-1.600000024	0.016299853
415	-1.000000000	-1.500000000	0.018265897
416	-1.000000000	-1.399999976	0.020525755
417	-1.000000000	-1.299999952	0.023134423
418	-1.000000000	-1.200000048	0.026159424
419	-1.000000000	-1.100000024	0.029684296
420	-1.000000000	-1.000000000	0.033812810
421	-1.000000000	-0.899999976	0.038674209
422	-1.000000000	-0.800000012	0.044429295
423	-1.000000000	-0.699999988	0.051276632
424	-1.000000000	-0.600000024	0.059454843
425	-1.000000000	-0.500000000	0.069232270
426	-1.000000000	-0.400000006	0.080854207
427	-1.000000000	-0.300000012	0.094362989
428	-1.000000000	-0.200000003	0.109028138
429	-1.000000000	-0.100000001	0.121645167
430	-1.000000000	0.000000000	0.123157859
431	-1.000000000	0.100000001	0.106779993
432	-1.000000000	0.200000003	0.084267862
433	-1.000000000	0.300000012	0.064457029
434	-1.000000000	0.400000006	0.048985090
435	-1.000000000	0.500000000	0.037323434
436	-1.000000000	0.600000024	0.028606731
437	-1.000000000	0.699999988	0.022079615
438	-1.000000000	0.800000012	0.017163914
439	-1.000000000	0.899999976	0.013435051
440	-1.000000000	1.000000000	0.010584965
441	-1.000000000	1.100000024	0.008390271
442	-1.000000000	1.200000048	0.006688185
443	-1.000000000	1.299999952	0.005359257
444	-1.000000000	1.399999976	0.004315168
445	-1.000000000	1.500000000	0.003490067
446	-1.000000000	1.600000024	0.002834480
447	-1.000000000	1.700000048	0.002310946
448	-1.000000000	1.799999952	0.001890899
449	-1.000000000	1.899999976	0.001552406
450	-1.000000000	2.000000000	0.001278518
451	-0.899999976	-2.000000000	0.012098918
452	-0.899999976	-1.899999976	0.013435035
453	-0.899999976	-1.799999952	0.014949331
454	-0.899999976	-1.700000048	0.016670993
455	-0.899999976	-1.600000024	0.018635146
456	-0.899999976	-1.500000000	0.020884143
457	-0.899999976	-1.399999976	0.023469491
458	-0.899999976	-1.299999952	0.026454132
459	-0.899999976	-1.200000048	0.029915465
460	-0.899999976	-1.100000024	0.033949189
461	-0.899999976	-1.000000000	0.038674209
462	-0.899999976	-0.899999976	0.044238593
463	-0.899999976	-0.800000012	0.050826684
464	-0.899999976	-0.699999988	0.058665946
465	-0.899999976	-0.600000024	0.068029754
466	-0.899999976	-0.500000000	0.079225242
467	-0.899999976	-0.400000006	0.092532508
468	-0.899999976	-0.300000012	0.107996419
469	-0.899999976	-0.200000003	0.124769993
470	-0.899999976	-0.100000001	0.139150873
471	-0.899999976	0.000000000	0.140693694
472	-0.899999976	0.100000001	0.121645167
473	-0.899999976	0.200000003	0.095667832
474	-0.899999976	0.300000012	0.072922386
475	-0.899999976	0.400000006	0.055235263
476	-0.899999976	0.500000000	0.041956022
477	-0.899999976	0.600000024	0.032065682
478	-0.899999976	0.699999988	0.024684081
479	-0.899999976	0.800000012	0.019141743
480	-0.899999976	0.899999976	0.014949348
481	-0.899999976	1.000000000	0.011753334
482	-0.899999976	1.100000024	0.009298225
483	-0.899999976	1.200000048	0.007398480
484	-0.899999976	1.299999952	0.005918365
485	-0.899999976	1.399999976	0.004757787
486	-0.899999976	1.500000000	0.003842323
487	-0.899999976	1.600000024	0.003116203
488	-0.899999976	1.700000048	0.002537291
489	-0.899999976	1.799999952	0.002073528
490	-0.899999976	1.899999976	0.001700349
491	-0.899999976	2.000000000	0.001398808
492	-0.800000012	-2.000000000	0.013889777
493	-0.800000012	-1.899999976	0.015424456
494	-0.800000012	-1.799999952	0.017163893
495	-0.800000012	-1.700000048	0.019141715
496	-0.800000012	-1.600000024	0.021398272
497	-0.800000012	-1.500000000	0.023982307
498	-0.800000012	-1.399999976	0.026953071
499	-0.800000012	-1.299999952	0.030382998
500	-0.800000012	-1.200000048	0.034361124
501	-0.800000012	-1.100000024	0.038997617
502	-0.800000012	-1.000000000	0.044429291
503	-0.800000012	-0.899999976	0.050826684
504	-0.800000012	-0.800000012	0.058401950
505	-0.800000012	-0.699999988	0.067416824
506	-0.800000012	-0.600000024	0.078185976
507	-0.800000012	-0.500000000	0.091062538
508	-0.800000012	-0.400000006	0.106367551
509	-0.800000012	-0.300000012	0.124148495
510	-0.800000012	-0.200000003	0.143417805
511	-0.800000012	-0.100000001	0.159877479
512	-0.800000012	0.000000000	0.161420777
513	-0.800000012	0.100000001	0.139150873
514	-0.800000012	0.200000003	0.109028131
515	-0.800000012	0.300000012	0.082793348
516	-0.800000012	0.400000006	0.062487438
517	-0.800000012	0.500000000	0.047306262
518	-0.800000012	0.600000024	0.036043033
519	-0.800000012	0.699999988	0.027666796
520	-0.800000012	0.800000012	0.021398289
521	-0.800000012	0.899999976	0.016671009
522	-0.800000012	1.000000000	0.013077411
523	-0.800000012	1.100000024	0.010324094
524	-0.800000012	1.200000048	0.008198781
525	-0.800000012	1.299999952	0.006546675
526	-0.800000012	1.399999976	0.005253977
527	-0.800000012	1.500000000	0.004236321
528	-0.800000012	1.600000024	0.003430641
529	-0.800000012	1.700000048	0.002789417
530	-0.800000012	1.799999952	0.002276578
531	-0.800000012	1.899999976	0.001864544
532	-0.800000012	2.000000000	0.001532089
533	-0.699999988	-2.000000000	0.016018864
534	-0.699999988	-1.899999976	0.017789725
535	-0.699999988	-1.799999952	0.019797038
536	-0.699999988	-1.700000048	0.022079600
537	-0.699999988	-1.600000024	0.024684062
538	-0.699999988	-1.500000000	0.027666781
539	-0.699999988	-1.399999976	0.031096218
540	-0.699999988	-1.299999952	0.035056096
541	-0.699999988	-1.200000048	0.039649423
542	-0.699999988	-1.100000024	0.045003507
543	-0.699999988	-1.000000000	0.051276632
544	-0.699999988	-0.899999976	0.058665946
545	-0.699999988	-0.800000012	0.067416824
546	-0.699999988	-0.699999988	0.077832043
547	-0.699999988	-0.600000024	0.090275288
548	-0.699999988	-0.500000000	0.105154544
549	-0.699999988	-0.400000006	0.122839391
550	-0.699999988	-0.300000012	0.143379867
551	-0.699999988	-0.200000003	0.165619045
552	-0.699999988	-0.100000001	0.184542194
553	-0.699999988	0.000000000	0.186047927
554	-0.699999988	0.100000001	0.159877494
555	-0.699999988	0.200000003	0.124769978
556	-0.699999988	0.300000012	0.094362989
557	-0.699999988	0.400000006	0.070943467
558	-0.699999988	0.500000000	0.053513680
559	-0.699999988	0.600000024	0.040636137
560	-0.699999988	0.699999988	0.031096242
561	-0.699999988	0.800000012	0.023982335
562	-0.699999988	0.899999976	0.018635171
563	-0.699999988	1.000000000	0.014582708
564	-0.699999988	1.100000024	0.011486614
565	-0.699999988	1.200000048	0.009102964
566	-0.699999988	1.299999952	0.007254567
567	-0.699999988	1.399999976	0.005811565
568	-0.699999988	1.500000000	0.004677999
569	-0.699999988	1.600000024	0.003782329
570	-0.699999988	1.700000048	0.003070810
571	-0.699999988	1.799999952	0.002502744
572	-0.699999988	1.899999976	0.002047088
573	-0.699999988	2.000000000	0.001680006
574	-0.600000024	-2.000000000	0.018560046
575	-0.600000024	-1.899999976	0.020612961
576	-0.600000024	-1.799999952	0.022940144
577	-0.600000024	-1.700000048	0.025586685
578	-0.600000024	-1.600000024	0.028606718
579	-0.600000024	-1.500000000	0.032065671
580	-0.600000024	-1.399999976	0.036043029
581	-0.600000024	-1.299999952	0.040636137
582	-0.600000024	-1.200000048	0.045964509
583	-0.600000024	-1.100000024	0.052176118
584	-0.600000024	-1.000000000	0.059454843
585	-0.600000024	-0.899999976	0.068029754
586	-0.600000024	-0.800000012	0.078185976
587	-0.600000024	-0.699999988	0.090275288
588	-0.600000024	-0.600000024	0.104720242
589	-0.600000024	-0.500000000	0.121994123
590	-0.600000024	-0.400000006	0.142524615
591	-0.600000024	-0.300000012	0.166364282
592	-0.600000024	-0.200000003	0.192151785
593	-0.600000024	-0.100000001	0.214009941
594	-0.600000024	0.000000000	0.215438887
595	-0.600000024	0.100000001	0.184542179
596	-0.600000024	0.200000003	0.143417791
597	-0.600000024	0.300000012	0.107996419
598	-0.600000024	0.400000006	0.080854200
599	-0.600000024	0.500000000	0.060750857
600	-0.600000024	0.600000024	0.045964528
601	-0.600000024	0.699999988	0.035056110
602	-0.600000024	0.800000012	0.026953090
603	-0.600000024	0.899999976	0.020884164
604	-0.600000024	1.000000000	0.016299872
605	-0.600000024	1.100000024	0.012808144
606	-0.600000024	1.200000048	0.010127526
607	-0.600000024	1.299999952	0.008054301
608	-0.600000024	1.399999976	0.006439745
609	-0.600000024	1.500000000	0.005174297
610	-0.600000024	1.600000024	0.004176555
611	-0.600000024	1.700000048	0.003385528
612	-0.600000024	1.799999952	0.002755160
613	-0.600000024	1.899999976	0.002250414
614	-0.600000024	2.000000000	0.001844455
615	-0.500000000	-2.000000000	0.021596830
616	-0.500000000	-1.899999976	0.023986910
617	-0.500000000	-1.799999952	0.026696522
618	-0.500000000	-1.700000048	0.029778205
619	-0.500000000	-1.600000024	0.033295061
620	-0.500000000	-1.500000000	0.037323423
621	-0.500000000	-1.399999976	0.041956026
622	-0.500000000	-1.299999952	0.047306258
623	-0.500000000	-1.200000048	0.053513654
624	-0.500000000	-1.100000024	0.060750846
625	-0.500000000	-1.000000000	0.069232270
626	-0.500000000	-0.899999976	0.079225250
627	-0.500000000	-0.800000012	0.091062538
628	-0.500000000	-0.699999988	0.105154544
629	-0.500000000	-0.600000024	0.121994130
630	-0.500000000	-0.500000000	0.142133072
631	-0.500000000	-0.400000006	0.166068628
632	-0.500000000	-0.300000012	0.193856224
633	-0.500000000	-0.200000003	0.223890096
634	-0.500000000	-0.100000001	0.249262214
635	-0.500000000	0.000000000	0.250598341
636	-0.500000000	0.100000001	0.214009941
637	-0.500000000	0.200000003	0.165619031
638	-0.500000000	0.300000012	0.124148503
639	-0.500000000	0.400000006	0.092532530
640	-0.500000000	0.500000000	0.069232292
641	-0.500000000	0.600000024	0.052176133
642	-0.500000000	0.699999988	0.039649446
643	-0.500000000	0.800000012	0.030383017
644	-0.500000000	0.899999976	0.023469517
645	-0.500000000	1.000000000	0.018265923
646	-0.500000000	1.100000024	0.014315578
647	-0.500000000	1.200000048	0.011292161
648	-0.500000000	1.299999952	0.008960458
649	-0.500000000	1.399999976	0.007149394
650	-0.500000000	1.500000000	0.005733407
651	-0.500000000	1.600000024	0.004619528
652	-0.500000000	1.700000048	0.003738303
653	-0.500000000	1.799999952	0.003037457
654	-0.500000000	1.899999976	0.002477328
655	-0.500000000	2.000000000	0.002027616
656	-0.400000006	-2.000000000	0.025207033
657	-0.400000006	-1.899999976	0.027997915
658	-0.400000006	-1.799999952	0.031162119
659	-0.400000006	-1.700000048	0.034761034
660	-0.400000006	-1.600000024	0.038868520
661	-0.400000006	-1.500000000	0.043573707
662	-0.400000006	-1.399999976	0.048985083
663	-0.400000006	-1.299999952	0.055235267
664	-0.400000006	-1.200000048	0.062487442
665	-0.400000006	-1.100000024	0.070943467
666	-0.400000006	-1.000000000	0.080854207
667	-0.400000006	-0.899999976	0.092532508
668	-0.400000006	-0.800000012	0.106367558
669	-0.400000006	-0.699999988	0.122839391
670	-0.400000006	-0.600000024	0.142524615
671	-0.400000006	-0.500000000	0.166068628
672	-0.400000006	-0.400000006	0.194051802
673	-0.400000006	-0.300000012	0.226535261
674	-0.400000006	-0.200000003	0.261629909
675	-0.400000006	-0.100000001	0.291221857
676	-0.400000006	0.000000000	0.292553186
677	-0.400000006	0.100000001	0.249262184
678	-0.400000006	0.200000003	0.192151785
679	-0.400000006	0.300000012	0.143379837
680	-0.400000006	0.400000006	0.106367543
681	-0.400000006	0.500000000	0.079225257
682	-0.400000006	0.600000024	0.059454873
683	-0.400000006	0.699999988	0.045003533
684	-0.400000006	0.800000012	0.034361161
685	-0.400000006	0.899999976	0.026454164
686	-0.400000006	1.000000000	0.020525783
687	-0.400000006	1.100000024	0.016041344
688	-0.400000006	1.200000048	0.012620532
689	-0.400000006	1.299999952	0.009990445
690	-0.400000006	1.399999976	0.007953431
691	-0.400000006	1.500000000	0.006364998
692	-0.400000006	1.600000024	0.005118532
693	-0.400000006	1.700000048	0.004134678
694	-0.400000006	1.799999952	0.003353880
695	-0.400000006	1.899999976	0.002731101
696	-0.400000006	2.000000000	0.002232023
697	-0.300000012	-2.000000000	0.029409898
698	-0.300000012	-1.899999976	0.032666847
699	-0.300000012	-1.799999952	0.036359619
700	-0.300000012	-1.700000048	0.040559866
701	-0.300000012	-1.600000024	0.045353740
702	-0.300000012	-1.500000000	0.050845459
703	-0.300000012	-1.399999976	0.057161607
704	-0.300000012	-1.299999952	0.064457044
705	-0.300000012	-1.200000048	0.072922379
706	-0.300000012	-1.100000024	0.082793340
707	-0.300000012	-1.000000000	0.094362997
708	-0.300000012	-0.899999976	0.107996427
709	-0.300000012	-0.800000012	0.124148495
710	-0.300000012	-0.699999988	0.143379867
711	-0.300000012	-0.600000024	0.166364282
712	-0.300000012	-0.500000000	0.193856210
713	-0.300000012	-0.400000006	0.226535261
714	-0.300000012	-0.300000012	0.264478356
715	-0.300000012	-0.200000003	0.305494994
716	-0.300000012	-0.100000001	0.340151012
717	-0.300000012	0.000000000	0.341910869
718	-0.300000012	0.100000001	0.291221857
719	-0.300000012	0.200000003	0.223890081
720	-0.300000012	0.300000012	0.166364297
721	-0.300000012	0.400000006	0.122839391
722	-0.300000012	0.500000000	0.091062546
723	-0.300000012	0.600000024	0.068029769
724	-0.300000012	0.699999988	0.051276658
725	-0.300000012	0.800000012	0.038997658
726	-0.300000012	0.899999976	0.029915495
727	-0.300000012	1.000000000	0.023134438
728	-0.300000012	1.100000024	0.018024884
729	-0.300000012	1.200000048	0.014141196
730	-0.300000012	1.299999952	0.011165151
731	-0.300000012	1.399999976	0.008867285
732	-0.300000012	1.500000000	0.007080566
733	-0.300000012	1.600000024	0.005682205
734	-0.300000012	1.700000048	0.004581180
735	-0.300000012	1.799999952	0.003709403
736	-0.300000012	1.899999976	0.003015543
737	-0.300000012	2.000000000	0.002460615
738	-0.200000003	-2.000000000	0.033998478
739	-0.200000003	-1.899999976	0.037762348
740	-0.200000003	-1.799999952	0.042029548
741	-0.200000003	-1.700000048	0.046882853
742	-0.200000003	-1.600000024	0.052421778
743	-0.200000003	-1.500000000	0.058766473
744	-0.200000003	-1.399999976	0.066063061
745	-0.200000003	-1.299999952	0.074490279
746	-0.200000003	-1.200000048	0.084267855
747	-0.200000003	-1.100000024	0.095667809
748	-0.200000003	-1.000000000	0.109028138
749	-0.200000003	-0.899999976	0.124769993
750	-0.200000003	-0.800000012	0.143417820
751	-0.200000003	-0.699999988	0.165619045
752	-0.200000003	-0.600000024	0.192151785
753	-0.200000003	-0.500000000	0.223890111
754	-0.200000003	-0.400000006	0.261629939
755	-0.200000003	-0.300000012	0.305495024
756	-0.200000003	-0.200000003	0.353060335
757	-0.200000003	-0.100000001	0.393741757
758	-0.200000003	0.000000000	0.397436798
759	-0.200000003	0.100000001	0.340150952
760	-0.200000003	0.200000003	0.261629909
761	-0.200000003	0.300000012	0.193856180
762	-0.200000003	0.400000006	0.142524615
763	-0.200000003	0.500000000	0.105154566
764	-0.200000003	0.600000024	0.078185990
765	-0.200000003	0.699999988	0.058665980
766	-0.200000003	0.800000012	0.044429336
767	-0.200000003	0.899999976	0.033949219
768	-0.200000003	1.000000000	0.026159450
769	-0.200000003	1.100000024	0.020314360
770	-0.200000003	1.200000048	0.015888851
771	-0.200000003	1.299999952	0.012509825
772	-0.200000003	1.399999976	0.009909499
773	-0.200000003	1.500000000	0.007893822
774	-0.200000003	1.600000024	0.006320793
775	-0.200000003	1.700000048	0.005085522
776	-0.200000003	1.799999952	0.004109871
777	-0.200000003	1.899999976	0.003335120
778	-0.200000003	2.000000000	0.002716829
779	-0.100000001	-2.000000000	0.038037878
780	-0.100000001	-1.899999976	0.042240877
781	-0.100000001	-1.799999952	0.047004543
782	-0.100000001	-1.700000048	0.052420788
783	-0.100000001	-1.600000024	0.058600012
784	-0.100000001	-1.500000000	0.065675542
785	-0.100000001	-1.399999976	0.073809355
786	-0.100000001	-1.299999952	0.083199508
787	-0.100000001	-1.200000048	0.094089374
788	-0.100000001	-1.100000024	0.106779985
789	-0.100000001	-1.000000000	0.121645175
790	-0.100000001	-0.899999976	0.139150873
791	-0.100000001	-0.800000012	0.159877479
792	-0.100000001	-0.699999988	0.184542194
793	-0.100000001	-0.600000024	0.214009941
794	-0.100000001	-0.500000000	0.249262184
795	-0.100000001	-0.400000006	0.291221857
796	-0.100000001	-0.300000012	0.340151012
797	-0.100000001	-0.200000003	0.393741757
798	-0.100000001	-0.100000001	0.441365540
799	-0.100000001	0.000000000	0.451689720
800	-0.100000001	0.100000001	0.393741757
801	-0.100000001	0.200000003	0.305494994
802	-0.100000001	0.300000012	0.226535305
803	-0.100000001	0.400000006	0.166068628
804	-0.100000001	0.500000000	0.121994145
805	-0.100000001	0.600000024	0.090275303
806	-0.100000001	0.699999988	0.067416847
807	-0.100000001	0.800000012	0.050826732
808	-0.100000001	0.899999976	0.038674243
809	-0.100000001	1.000000000	0.029684339
810	-0.100000001	1.100000024	0.022968998
811	-0.100000001	1.200000048	0.017905919
812	-0.100000001	1.299999952	0.014055121
813	-0.100000001	1.399999976	0.011102426
814	-0.100000001	1.500000000	0.008821249
815	-0.100000001	1.600000024	0.007046530
816	-0.100000001	1.700000048	0.005656870
817	-0.100000001	1.799999952	0.004562198
818	-0.100000001	1.899999976	0.003695087
819	-0.100000001	2.000000000	0.003004683
820	0.000000000	-2.000000000	0.038855560
821	0.000000000	-1.899999976	0.043122176
822	0.000000000	-1.799999952	0.047953375
823	0.000000000	-1.700000048	0.053440738
824	0.000000000	-1.600000024	0.059694208
825	0.000000000	-1.500000000	0.066846274
826	0.000000000	-1.399999976	0.075057626
827	0.000000000	-1.299999952	0.084524214
828	0.000000000	-1.200000048	0.095486663
829	0.000000000	-1.100000024	0.108241729
830	0.000000000	-1.000000000	0.123157866
831	0.000000000	-0.899999976	0.140693709
832	0.000000000	-0.800000012	0.161420792
833	0.000000000	-0.699999988	0.186047927
834	0.000000000	-0.600000024	0.215438887
835	0.000000000	-0.500000000	0.250598341
836	0.000000000	-0.400000006	0.292553186
837	0.000000000	-0.300000012	0.341910869
838	0.000000000	-0.200000003	0.397436798
839	0.000000000	-0.100000001	0.451689690
840	0.000000000	0.000000000	0.479858339
841	0.000000000	0.100000001	0.441365540
842	0.000000000	0.200000003	0.353060305
843	0.000000000	0.300000012	0.264478326
844	0.000000000	0.400000006	0.194051787
845	0.000000000	0.500000000	0.142133072
846	0.000000000	0.600000024	0.104720294
847	0.000000000	0.699999988	0.077832088
848	0.000000000	0.800000012	0.058402009
849	0.000000000	0.899999976	0.044238638
850	0.000000000	1.000000000	0.033812851
851	0.000000000	1.100000024	0.026062014
852	0.000000000	1.200000048	0.020244496
853	0.000000000	1.299999952	0.015838463
854	0.000000000	1.399999976	0.012473236
855	0.000000000	1.500000000	0.009882736
856	0.000000000	1.600000024	0.007874107
857	0.000000000	1.700000048	0.006306163
858	0.000000000	1.799999952	0.005074596
859	0.000000000	1.899999976	0.004101652
860	0.000000000	2.000000000	0.003328904
861	0.100000001	-2.000000000	0.034318633
862	0.100000001	-1.899999976	0.038037878
863	0.100000001	-1.799999952	0.042240873
864	0.100000001	-1.700000048	0.047004540
865	0.100000001	-1.600000024	0.052420788
866	0.100000001	-1.500000000	0.058600023
867	0.100000001	-1.399999976	0.065675534
868	0.100000001	-1.299999952	0.073809363
869	0.100000001	-1.200000048	0.083199494
870	0.100000001	-1.100000024	0.094089381
871	0.100000001	-1.000000000	0.106779993
872	0.100000001	-0.899999976	0.121645167
873	0.100000001	-0.800000012	0.139150873
874	0.100000001	-0.699999988	0.159877509
875	0.100000001	-0.600000024	0.184542179
876	0.100000001	-0.500000000	0.214009941
877	0.100000001	-0.400000006	0.249262199
878	0.100000001	-0.300000012	0.291221857
879	0.100000001	-0.200000003	0.340151012
880	0.100000001	-0.100000001	0.393741786
881	0.100000001	0.000000000	0.441365540
882	0.100000001	0.100000001	0.451689661
883	0.100000001	0.200000003	0.393741786
884	0.100000001	0.300000012	0.305494994
885	0.100000001	0.400000006	0.226535320
886	0.100000001	0.500000000	0.166068643
887	0.100000001	0.600000024	0.121994153
888	0.100000001	0.699999988	0.090275325
889	0.100000001	0.800000012	0.067416869
890	0.100000001	0.899999976	0.050826743
891	0.100000001	1.000000000	0.038674243
892	0.100000001	1.100000024	0.029684337
893	0.100000001	1.200000048	0.022968994
894	0.100000001	1.299999952	0.017905924
895	0.100000001	1.399999976	0.014055122
896	0.100000001	1.500000000	0.011102425
897	0.100000001	1.600000024	0.008821248
898	0.100000001	1.700000048	0.007046529
899	0.100000001	1.799999952	0.005656870
900	0.100000001	1.899999976	0.004562198
901	0.100000001	2.000000000	0.003695086
902	0.200000003	-2.000000000	0.027714865
903	0.200000003	-1.899999976	0.030668736
904	0.200000003	-1.799999952	0.033998478
905	0.200000003	-1.700000048	0.037762348
906	0.200000003	-1.600000024	0.042029545
907	0.200000003	-1.500000000	0.046882860
908	0.200000003	-1.399999976	0.052421786
909	0.200000003	-1.299999952	0.058766477
910	0.200000003	-1.200000048	0.066063046
911	0.200000003	-1.100000024	0.074490272
912	0.200000003	-1.000000000	0.084267862
913	0.200000003	-0.899999976	0.095667832
914	0.200000003	-0.800000012	0.109028131
915	0.200000003	-0.699999988	0.124769986
916	0.200000003	-0.600000024	0.143417791
917	0.200000003	-0.500000000	0.165619031
918	0.200000003	-0.400000006	0.192151800
919	0.200000003	-0.300000012	0.223890081
920	0.200000003	-0.200000003	0.261629909
921	0.200000003	-0.100000001	0.305494994
922	0.200000003	0.000000000	0.353060305
923	0.200000003	0.100000001	0.393741786
924	0.200000003	0.200000003	0.397436827
925	0.200000003	0.300000012	0.340150952
926	0.200000003	0.400000006	0.261629969
927	0.200000003	0.500000000	0.193856254
928	0.200000003	0.600000024	0.142524660
929	0.200000003	0.699999988	0.105154596
930	0.200000003	0.800000012	0.078186028
931	0.200000003	0.899999976	0.058666009
932	0.200000003	1.000000000	0.044429347
933	0.200000003	1.100000024	0.033949222
934	0.200000003	1.200000048	0.026159452
935	0.200000003	1.299999952	0.020314369
936	0.200000003	1.399999976	0.015888857
937	0.200000003	1.500000000	0.012509825
938	0.200000003	1.600000024	0.009909498
939	0.200000003	1.700000048	0.007893821
940	0.200000003	1.799999952	0.006320793
941	0.200000003	1.899999976	0.005085526
942	0.200000003	2.000000000	0.004109872
943	0.300000012	-2.000000000	0.021699831
944	0.300000012	-1.899999976	0.023972901
945	0.300000012	-1.799999952	0.026528712
946	0.300000012	-1.700000048	0.029409898
947	0.300000012	-1.600000024	0.032666843
948	0.300000012	-1.500000000	0.036359619
949	0.300000012	-1.399999976	0.040559866
950	0.300000012	-1.299999952	0.045353744
951	0.300000012	-1.200000048	0.050845455
952	0.300000012	-1.100000024	0.057161599
953	0.300000012	-1.000000000	0.064457029
954	0.300000012	-0.899999976	0.072922379
955	0.300000012	-0.800000012	0.082793348
956	0.300000012	-0.699999988	0.094362989
957	0.300000012	-0.600000024	0.107996434
958	0.300000012	-0.500000000	0.124148503
959	0.300000012	-0.400000006	0.143379837
960	0.300000012	-0.300000012	0.166364297
961	0.300000012	-0.200000003	0.193856180
962	0.300000012	-0.100000001	0.226535305
963	0.300000012	0.000000000	0.264478326
964	0.300000012	0.100000001	0.305494994
965	0.300000012	0.200000003	0.340150952
966	0.300000012	0.300000012	0.341910839
967	0.300000012	0.400000006	0.291221917
968	0.300000012	0.500000000	0.223890200
969	0.300000012	0.600000024	0.166364357
970	0.300000012	0.699999988	0.122839473
971	0.300000012	0.800000012	0.091062620
972	0.300000012	0.899999976	0.068029828
973	0.300000012	1.000000000	0.051276691
974	0.300000012	1.100000024	0.038997665
975	0.300000012	1.200000048	0.029915500
976	0.300000012	1.299999952	0.023134446
977	0.300000012	1.399999976	0.018024888
978	0.300000012	1.500000000	0.014141198
979	0.300000012	1.600000024	0.011165150
980	0.300000012	1.700000048	0.008867283
981	0.300000012	1.799999952	0.007080565
982	0.300000012	1.899999976	0.005682206
983	0.300000012	2.000000000	0.004581182
984	0.400000006	-2.000000000	0.016863326
985	0.400000006	-1.899999976	0.018599993
986	0.400000006	-1.799999952	0.020547938
987	0.400000006	-1.700000048	0.022738110
988	0.400000006	-1.600000024	0.025207032
989	0.400000006	-1.500000000	0.027997915
990	0.400000006	-1.399999976	0.031162119
991	0.400000006	-1.299999952	0.034761041
992	0.400000006	-1.200000048	0.038868517
993	0.400000006	-1.100000024	0.043573704
994	0.400000006	-1.000000000	0.048985086
995	0.400000006	-0.899999976	0.055235263
996	0.400000006	-0.800000012	0.062487438
997	0.400000006	-0.699999988	0.070943467
998	0.400000006	-0.600000024	0.080854200
999	0.400000006	-0.500000000	0.092532523
1000	0.400000006	-0.400000006	0.106367543
1001	0.400000006	-0.300000012	0.122839391
1002	0.400000006	-0.200000003	0.142524615
1003	0.400000006	-0.100000001	0.166068614
1004	0.400000006	0.000000000	0.194051787
1005	0.400000006	0.100000001	0.226535320
1006	0.400000006	0.200000003	0.261629969
1007	0.400000006	0.300000012	0.291221917
1008	0.400000006	0.400000006	0.292553186
1009	0.400000006	0.500000000	0.249262214
1010	0.400000006	0.600000024	0.192151874
1011	0.400000006	0.699999988	0.143379942
1012	0.400000006	0.800000012	0.106367655
1013	0.400000006	0.899999976	0.079225309
1014	0.400000006	1.000000000	0.059454910
1015	0.400000006	1.100000024	0.045003545
1016	0.400000006	1.200000048	0.034361158
1017	0.400000006	1.299999952	0.026454160
1018	0.400000006	1.399999976	0.020525781
1019	0.400000006	1.500000000	0.016041342
1020	0.400000006	1.600000024	0.012620530
1021	0.400000006	1.700000048	0.009990442
1022	0.400000006	1.799999952	0.007953431
1023	0.400000006	1.899999976	0.006365001
1024	0.400000006	2.000000000	0.005118535
1025	0.500000000	-2.000000000	0.013121089
1026	0.500000000	-1.899999976	0.014450427
1027	0.500000000	-1.799999952	0.015938014
1028	0.500000000	-1.700000048	0.017606499
1029	0.500000000	-1.600000024	0.019482352
1030	0.500000000	-1.500000000	0.021596836
1031	0.500000000	-1.399999976	0.023986921
1032	0.500000000	-1.299999952	0.026696531
1033	0.500000000	-1.200000048	0.029778210
1034	0.500000000	-1.100000024	0.033295058
1035	0.500000000	-1.000000000	0.037323438
1036	0.500000000	-0.899999976	0.041956022
1037	0.500000000	-0.800000012	0.047306262
1038	0.500000000	-0.699999988	0.053513680
1039	0.500000000	-0.600000024	0.060750857
1040	0.500000000	-0.500000000	0.069232285
1041	0.500000000	-0.400000006	0.079225257
1042	0.500000000	-0.300000012	0.091062546
1043	0.500000000	-0.200000003	0.105154566
1044	0.500000000	-0.100000001	0.121994145
1045	0.500000000	0.000000000	0.142133072
1046	0.500000000	0.100000001	0.166068643
1047	0.500000000	0.200000003	0.193856239
1048	0.500000000	0.300000012	0.223890200
1049	0.500000000	0.400000006	0.249262214
1050	0.500000000	0.500000000	0.250598431
1051	0.500000000	0.600000024	0.214010015
1052	0.500000000	0.699999988	0.165619150
1053	0.500000000	0.800000012	0.124148600
1054	0.500000000	0.899999976	0.092532620
1055	0.500000000	1.000000000	0.069232352
1056	0.500000000	1.100000024	0.052176170
1057	0.500000000	1.200000048	0.039649449
1058	0.500000000	1.299999952	0.030383024
1059	0.500000000	1.399999976	0.023469517
1060	0.500000000	1.500000000	0.018265920
1061	0.500000000	1.600000024	0.014315576
1062	0.500000000	1.700000048	0.011292159
1063	0.500000000	1.799999952	0.008960455
1064	0.500000000	1.899999976	0.007149393
1065	0.500000000	2.000000000	0.005733409
1066	0.600000024	-2.000000000	0.010255747
1067	0.600000024	-1.899999976	0.011278635
1068	0.600000024	-1.799999952	0.012420809
1069	0.600000024	-1.700000048	0.013698881
1070	0.600000024	-1.600000024	0.015132276
1071	0.600000024	-1.500000000	0.016743725
1072	0.600000024	-1.399999976	0.018560056
1073	0.600000024	-1.299999952	0.020612968
1074	0.600000024	-1.200000048	0.022940150
1075	0.600000024	-1.100000024	0.025586700
1076	0.600000024	-1.000000000	0.028606731
1077	0.600000024	-0.899999976	0.032065682
1078	0.600000024	-0.800000012	0.036043033
1079	0.600000024	-0.699999988	0.040636137
1080	0.600000024	-0.600000024	0.045964528
1081	0.600000024	-0.500000000	0.052176133
1082	0.600000024	-0.400000006	0.059454873
1083	0.600000024	-0.300000012	0.068029769
1084	0.600000024	-0.200000003	0.078185990
1085	0.600000024	-0.100000001	0.090275303
1086	0.600000024	0.000000000	0.104720294
1087	0.600000024	0.100000001	0.121994153
1088	0.600000024	0.200000003	0.142524660
1089	0.600000024	0.300000012	0.166364372
1090	0.600000024	0.400000006	0.192151874
1091	0.600000024	0.500000000	0.214010015
1092	0.600000024	0.600000024	0.215439007
1093	0.600000024	0.699999988	0.184542283
1094	0.600000024	0.800000012	0.143417925
1095	0.600000024	0.899999976	0.107996568
1096	0.600000024	1.000000000	0.080854289
1097	0.600000024	1.100000024	0.060750909
1098	0.600000024	1.200000048	0.045964554
1099	0.600000024	1.299999952	0.035056125
1100	0.600000024	1.399999976	0.026953097
1101	0.600000024	1.500000000	0.020884162
1102	0.600000024	1.600000024	0.016299870
1103	0.600000024	1.700000048	0.012808139
1104	0.600000024	1.799999952	0.010127528
1105	0.600000024	1.899999976	0.008054300
1106	0.600000024	2.000000000	0.006439744
1107	0.699999988	-2.000000000	0.008061835
1108	0.699999988	-1.899999976	0.008853960
1109	0.699999988	-1.799999952	0.009736652
1110	0.699999988	-1.700000048	0.010722227
1111	0.699999988	-1.600000024	0.011825006
1112	0.699999988	-1.500000000	0.013061716
1113	0.699999988	-1.399999976	0.014451978
1114	0.699999988	-1.299999952	0.016018875
1115	0.699999988	-1.200000048	0.017789733
1116	0.699999988	-1.100000024	0.019797048
1117	0.699999988	-1.000000000	0.022079615
1118	0.699999988	-0.899999976	0.024684081
1119	0.699999988	-0.800000012	0.027666796
1120	0.699999988	-0.699999988	0.031096242
1121	0.699999988	-0.600000024	0.035056110
1122	0.699999988	-0.500000000	0.039649446
1123	0.699999988	-0.400000006	0.045003530
1124	0.699999988	-0.300000012	0.051276658
1125	0.699999988	-0.200000003	0.058665980
1126	0.699999988	-0.100000001	0.067416854
1127	0.699999988	0.000000000	0.077832088
1128	0.699999988	0.100000001	0.090275325
1129	0.699999988	0.200000003	0.105154596
1130	0.699999988	0.300000012	0.122839473
1131	0.699999988	0.400000006	0.143379942
1132	0.699999988	0.500000000	0.165619150
1133	0.699999988	0.600000024	0.184542283
1134	0.699999988	0.699999988	0.186048016
1135	0.699999988	0.800000012	0.159877673
1136	0.699999988	0.899999976	0.124770112
1137	0.699999988	1.000000000	0.094363093
1138	0.699999988	1.100000024	0.070943534
1139	0.699999988	1.200000048	0.053513702
1140	0.699999988	1.299999952	0.040636167
1141	0.699999988	1.399999976	0.031096248
1142	0.699999988	1.500000000	0.023982329
1143	0.699999988	1.600000024	0.018635165
1144	0.699999988	1.700000048	0.014582702
1145	0.699999988	1.799999952	0.011486611
1146	0.699999988	1.899999976	0.009102965
1147	0.699999988	2.000000000	0.007254567
1148	0.800000012	-2.000000000	0.006374948
1149	0.800000012	-1.899999976	0.006992430
1150	0.800000012	-1.799999952	0.007679197
1151	0.800000012	-1.700000048	0.008444448
1152	0.800000012	-1.600000024	0.009298848
1153	0.800000012	-1.500000000	0.010254797
1154	0.800000012	-1.399999976	0.011326779
1155	0.800000012	-1.299999952	0.012531776
1156	0.800000012	-1.200000048	0.013889790
1157	0.800000012	-1.100000024	0.015424469
1158	0.800000012	-1.000000000	0.017163914
1159	0.800000012	-0.899999976	0.019141743
1160	0.800000012	-0.800000012	0.021398291
1161	0.800000012	-0.699999988	0.023982335
1162	0.800000012	-0.600000024	0.026953088
1163	0.800000012	-0.500000000	0.030383017
1164	0.800000012	-0.400000006	0.034361161
1165	0.800000012	-0.300000012	0.038997658
1166	0.800000012	-0.200000003	0.044429336
1167	0.800000012	-0.100000001	0.050826732
1168	0.800000012	0.000000000	0.058402009
1169	0.800000012	0.100000001	0.067416869
1170	0.800000012	0.200000003	0.078186028
1171	0.800000012	0.300000012	0.091062628
1172	0.800000012	0.400000006	0.106367655
1173	0.800000012	0.500000000	0.124148600
1174	0.800000012	0.600000024	0.143417925
1175	0.800000012	0.699999988	0.159877673
1176	0.800000012	0.800000012	0.161420986
1177	0.800000012	0.899999976	0.139151052
1178	0.800000012	1.000000000	0.109028235
1179	0.800000012	1.100000024	0.082793444
1180	0.800000012	1.200000048	0.062487487
1181	0.800000012	1.299999952	0.047306310
1182	0.800000012	1.399999976	0.036043067
1183	0.800000012	1.500000000	0.027666811
1184	0.800000012	1.600000024	0.021398291
1185	0.800000012	1.700000048	0.016671007
1186	0.800000012	1.799999952	0.013077410
1187	0.800000012	1.899999976	0.010324094
1188	0.800000012	2.000000000	0.008198783
1189	0.899999976	-2.000000000	0.005070320
1190	0.899999976	-1.899999976	0.005554776
1191	0.899999976	-1.799999952	0.006092615
1192	0.899999976	-1.700000048	0.006690771
1193	0.899999976	-1.600000024	0.007357256
1194	0.899999976	-1.500000000	0.008101343
1195	0.899999976	-1.399999976	0.008933820
1196	0.899999976	-1.299999952	0.009867297
1197	0.899999976	-1.200000048	0.010916539
1198	0.899999976	-1.100000024	0.012098930
1199	0.899999976	-1.000000000	0.013435051
1200	0.899999976	-0.899999976	0.014949348
1201	0.899999976	-0.800000012	0.016671009
1202	0.899999976	-0.699999988	0.018635171
1203	0.899999976	-0.600000024	0.020884162
1204	0.899999976	-0.500000000	0.023469517
1205	0.899999976	-0.400000006	0.026454162
1206	0.899999976	-0.300000012	0.029915499
1207	0.899999976	-0.200000003	0.033949219
1208	0.899999976	-0.100000001	0.038674243
1209	0.899999976	0.000000000	0.044238634
1210	0.899999976	0.100000001	0.050826743
1211	0.899999976	0.200000003	0.058666006
1212	0.899999976	0.300000012	0.068029828
1213	0.899999976	0.400000006	0.079225309
1214	0.899999976	0.500000000	0.092532620
1215	0.899999976	0.600000024	0.107996568
1216	0.899999976	0.699999988	0.124770120
1217	0.899999976	0.800000012	0.139151052
1218	0.899999976	0.899999976	0.140693858
1219	0.899999976	1.000000000	0.121645316
1220	0.899999976	1.100000024	0.095667928
1221	0.899999976	1.200000048	0.072922446
1222	0.899999976	1.299999952	0.055235323
1223	0.899999976	1.399999976	0.041956063
1224	0.899999976	1.500000000	0.032065693
1225	0.899999976	1.600000024	0.024684085
1226	0.899999976	1.700000048	0.019141736
1227	0.899999976	1.799999952	0.014949342
1228	0.899999976	1.899999976	0.011753331
1229	0.899999976	2.000000000	0.009298224
1230	1.000000000	-2.000000000	0.004054920
1231	1.000000000	-1.899999976	0.004437333
1232	1.000000000	-1.799999952	0.004861161
1233	1.000000000	-1.700000048	0.005331675
1234	1.000000000	-1.600000024	0.005854935
1235	1.000000000	-1.500000000	0.006437932
1236	1.000000000	-1.399999976	0.007088787
1237	1.000000000	-1.299999952	0.007816917
1238	1.000000000	-1.200000048	0.008633339
1239	1.000000000	-1.100000024	0.009550961
1240	1.000000000	-1.000000000	0.010584965
1241	1.000000000	-0.899999976	0.011753334
1242	1.000000000	-0.800000012	0.013077411
1243	1.000000000	-0.699999988	0.014582708
1244	1.000000000	-0.600000024	0.016299872
1245	1.000000000	-0.500000000	0.018265923
1246	1.000000000	-0.400000006	0.020525783
1247	1.000000000	-0.300000012	0.023134438
1248	1.000000000	-0.200000003	0.026159450
1249	1.000000000	-0.100000001	0.029684339
1250	1.000000000	0.000000000	0.033812854
1251	1.000000000	0.100000001	0.038674243
1252	1.000000000	0.200000003	0.044429347
1253	1.000000000	0.300000012	0.051276691
1254	1.000000000	0.400000006	0.059454914
1255	1.000000000	0.500000000	0.069232352
1256	1.000000000	0.600000024	0.080854289
1257	1.000000000	0.699999988	0.094363086
1258	1.000000000	0.800000012	0.109028235
1259	1.000000000	0.899999976	0.121645316
1260	1.000000000	1.000000000	0.123158030
1261	1.000000000	1.100000024	0.106780112
1262	1.000000000	1.200000048	0.084267929
1263	1.000000000	1.299999952	0.064457119
1264	1.000000000	1.399999976	0.048985146
1265	1.000000000	1.500000000	0.037323456
1266	1.000000000	1.600000024	0.028606748
1267	1.000000000	1.700000048	0.022079609
1268	1.000000000	1.799999952	0.017163912
1269	1.000000000	1.899999976	0.013435047
1270	1.000000000	2.000000000	0.010584964
1271	1.100000024	-2.000000000	0.003259607
1272	1.100000024	-1.899999976	0.003563196
1273	1.100000024	-1.799999952	0.003899129
1274	1.100000024	-1.700000048	0.004271434
1275	1.100000024	-1.600000024	0.004684729
1276	1.100000024	-1.500000000	0.005144334
1277	1.100000024	-1.399999976	0.005656397
1278	1.100000024	-1.299999952	0.006228025
1279	1.100000024	-1.200000048	0.006867497
1280	1.100000024	-1.100000024	0.007584474
1281	1.100000024	-1.000000000	0.008390271
1282	1.100000024	-0.899999976	0.009298224
1283	1.100000024	-0.800000012	0.010324093
1284	1.100000024	-0.699999988	0.011486614
1285	1.100000024	-0.600000024	0.012808143
1286	1.100000024	-0.500000000	0.014315579
1287	1.100000024	-0.400000006	0.016041344
1288	1.100000024	-0.300000012	0.018024884
1289	1.100000024	-0.200000003	0.020314360
1290	1.100000024	-0.100000001	0.022968998
1291	1.100000024	0.000000000	0.026062014
1292	1.100000024	0.100000001	0.029684337
1293	1.100000024	0.200000003	0.033949222
1294	1.100000024	0.300000012	0.038997669
1295	1.100000024	0.400000006	0.045003541
1296	1.100000024	0.500000000	0.052176166
1297	1.100000024	0.600000024	0.060750909
1298	1.100000024	0.699999988	0.070943542
1299	1.100000024	0.800000012	0.082793444
1300	1.100000024	0.899999976	0.095667928
1301	1.100000024	1.000000000	0.106780112
1302	1.100000024	1.100000024	0.108241878
1303	1.100000024	1.200000048	0.094089463
1304	1.100000024	1.299999952	0.074490353
1305	1.100000024	1.399999976	0.057161666
1306	1.100000024	1.500000000	0.043573756
1307	1.100000024	1.600000024	0.033295088
1308	1.100000024	1.700000048	0.025586711
1309	1.100000024	1.799999952	0.019797051
1310	1.100000024	1.899999976	0.015424469
1311	1.100000024	2.000000000	0.012098931
1312	1.200000048	-2.000000000	0.002632861
1313	1.200000048	-1.899999976	0.002875160
1314	1.200000048	-1.799999952	0.003142867
1315	1.200000048	-1.700000048	0.003439087
1316	1.200000048	-1.600000024	0.003767365
1317	1.200000048	-1.500000000	0.004131775
1318	1.200000048	-1.399999976	0.004537003
1319	1.200000048	-1.299999952	0.004988460
1320	1.200000048	-1.200000048	0.005492413
1321	1.200000048	-1.100000024	0.006056149
1322	1.200000048	-1.000000000	0.006688185
1323	1.200000048	-0.899999976	0.007398481
1324	1.200000048	-0.800000012	0.008198781
1325	1.200000048	-0.699999988	0.009102964
1326	1.200000048	-0.600000024	0.010127525
1327	1.200000048	-0.500000000	0.011292161
1328	1.200000048	-0.400000006	0.012620531
1329	1.200000048	-0.300000012	0.014141195
1330	1.200000048	-0.200000003	0.015888853
1331	1.200000048	-0.100000001	0.017905919
1332	1.200000048	0.000000000	0.020244494
1333	1.200000048	0.100000001	0.022968994
1334	1.200000048	0.200000003	0.026159452
1335	1.200000048	0.300000012	0.029915500
1336	1.200000048	0.400000006	0.034361158
1337	1.200000048	0.500000000	0.039649449
1338	1.200000048	0.600000024	0.045964554
1339	1.200000048	0.699999988	0.053513702
1340	1.200000048	0.800000012	0.062487487
1341	1.200000048	0.899999976	0.072922446
1342	1.200000048	1.000000000	0.084267929
1343	1.200000048	1.100000024	0.094089463
1344	1.200000048	1.200000048	0.095486760
1345	1.200000048	1.299999952	0.083199598
1346	1.200000048	1.399999976	0.066063128
1347	1.200000048	1.500000000	0.050845508
1348	1.200000048	1.600000024	0.038868561
1349	1.200000048	1.700000048	0.029778229
1350	1.200000048	1.799999952	0.022940168
1351	1.200000048	1.899999976	0.017789742
1352	1.200000048	2.000000000	0.013889794
1353	1.299999952	-2.000000000	0.002136098
1354	1.299999952	-1.899999976	0.002330437
1355	1.299999952	-1.799999952	0.002544850
1356	1.299999952	-1.700000048	0.002781740
1357	1.299999952	-1.600000024	0.003043852
1358	1.299999952	-1.500000000	0.003334322
1359	1.299999952	-1.399999976	0.003656751
1360	1.299999952	-1.299999952	0.004015283
1361	1.299999952	-1.200000048	0.004414699
1362	1.299999952	-1.100000024	0.004860543
1363	1.299999952	-1.000000000	0.005359257
1364	1.299999952	-0.899999976	0.005918365
1365	1.299999952	-0.800000012	0.006546674
1366	1.299999952	-0.699999988	0.007254567
1367	1.299999952	-0.600000024	0.008054301
1368	1.299999952	-0.500000000	0.008960458
1369	1.299999952	-0.400000006	0.009990444
1370	1.299999952	-0.300000012	0.011165152
1371	1.299999952	-0.200000003	0.012509825
1372	1.299999952	-0.100000001	0.014055121
1373	1.299999952	0.000000000	0.015838463
1374	1.299999952	0.100000001	0.017905924
1375	1.299999952	0.200000003	0.020314369
1376	1.299999952	0.300000012	0.023134446
1377	1.299999952	0.400000006	0.026454160
1378	1.299999952	0.500000000	0.030383024
1379	1.299999952	0.600000024	0.035056125
1380	1.299999952	0.699999988	0.040636167
1381	1.299999952	0.800000012	0.047306310
1382	1.299999952	0.899999976	0.055235323
1383	1.299999952	1.000000000	0.064457111
1384	1.299999952	1.100000024	0.074490353
1385	1.299999952	1.200000048	0.083199598
1386	1.299999952	1.299999952	0.084524289
1387	1.299999952	1.399999976	0.073809430
1388	1.299999952	1.500000000	0.058766525
1389	1.299999952	1.600000024	0.045353793
1390	1.299999952	1.700000048	0.034761075
1391	1.299999952	1.799999952	0.026696550
1392	1.299999952	1.899999976	0.020612976
1393	1.299999952	2.000000000	0.016018879
1394	1.399999976	-2.000000000	0.001740224
1395	1.399999976	-1.899999976	0.001896814
1396	1.399999976	-1.799999952	0.002069343
1397	1.399999976	-1.700000048	0.002259688
1398	1.399999976	-1.600000024	0.002469984
1399	1.399999976	-1.500000000	0.002702661
1400	1.399999976	-1.399999976	0.002960504
1401	1.399999976	-1.299999952	0.003246707
1402	1.399999976	-1.200000048	0.003564942
1403	1.399999976	-1.100000024	0.003919459
1404	1.399999976	-1.000000000	0.004315168
1405	1.399999976	-0.899999976	0.004757787
1406	1.399999976	-0.800000012	0.005253977
1407	1.399999976	-0.699999988	0.005811565
1408	1.399999976	-0.600000024	0.006439745
1409	1.399999976	-0.500000000	0.007149394
1410	1.399999976	-0.400000006	0.007953431
1411	1.399999976	-0.300000012	0.008867285
1412	1.399999976	-0.200000003	0.009909500
1413	1.399999976	-0.100000001	0.011102426
1414	1.399999976	0.000000000	0.012473234
1415	1.399999976	0.100000001	0.014055122
1416	1.399999976	0.200000003	0.015888857
1417	1.399999976	0.300000012	0.018024888
1418	1.399999976	0.400000006	0.020525781
1419	1.399999976	0.500000000	0.023469517
1420	1.399999976	0.600000024	0.026953097
1421	1.399999976	0.699999988	0.031096248
1422	1.399999976	0.800000012	0.036043067
1423	1.399999976	0.899999976	0.041956067
1424	1.399999976	1.000000000	0.048985150
1425	1.399999976	1.100000024	0.057161666
1426	1.399999976	1.200000048	0.066063128
1427	1.399999976	1.299999952	0.073809430
1428	1.399999976	1.399999976	0.075057715
1429	1.399999976	1.500000000	0.065675594
1430	1.399999976	1.600000024	0.052421838
1431	1.399999976	1.700000048	0.040559880
1432	1.399999976	1.799999952	0.031162146
1433	1.399999976	1.899999976	0.023986932
1434	1.399999976	2.000000000	0.018560069
1435	1.500000000	-2.000000000	0.001423152
1436	1.500000000	-1.899999976	0.001549863
1437	1.500000000	-1.799999952	0.001689296
1438	1.500000000	-1.700000048	0.001842918
1439	1.500000000	-1.600000024	0.002012398
1440	1.500000000	-1.500000000	0.002199636
1441	1.500000000	-1.399999976	0.002406796
1442	1.500000000	-1.299999952	0.002636355
1443	1.500000000	-1.200000048	0.002891157
1444	1.500000000	-1.100000024	0.003174468
1445	1.500000000	-1.000000000	0.003490067
1446	1.500000000	-0.899999976	0.003842323
1447	1.500000000	-0.800000012	0.004236321
1448	1.500000000	-0.699999988	0.004677999
1449	1.500000000	-0.600000024	0.005174297
1450	1.500000000	-0.500000000	0.005733407
1451	1.500000000	-0.400000006	0.006364998
1452	1.500000000	-0.300000012	0.007080566
1453	1.500000000	-0.200000003	0.007893822
1454	1.500000000	-0.100000001	0.008821249
1455	1.500000000	0.000000000	0.009882736
1456	1.500000000	0.100000001	0.011102425
1457	1.500000000	0.200000003	0.012509827
1458	1.500000000	0.300000012	0.014141198
1459	1.500000000	0.400000006	0.016041342
1460	1.500000000	0.500000000	0.018265920
1461	1.500000000	0.600000024	0.020884162
1462	1.500000000	0.699999988	0.023982329
1463	1.500000000	0.800000012	0.027666815
1464	1.500000000	0.899999976	0.032065697
1465	1.500000000	1.000000000	0.037323456
1466	1.500000000	1.100000024	0.043573756
1467	1.500000000	1.200000048	0.050845508
1468	1.500000000	1.299999952	0.058766525
1469	1.500000000	1.399999976	0.065675594
1470	1.500000000	1.500000000	0.066846348
1471	1.500000000	1.600000024	0.058600061
1472	1.500000000	1.700000048	0.046882898
1473	1.500000000	1.799999952	0.036359653
1474	1.500000000	1.899999976	0.027997943
1475	1.500000000	2.000000000	0.021596858
1476	1.600000024	-2.000000000	0.001168001
1477	1.600000024	-1.899999976	0.001270943
1478	1.600000024	-1.799999952	0.001384080
1479	1.600000024	-1.700000048	0.001508573
1480	1.600000024	-1.600000024	0.001645734
1481	1.600000024	-1.500000000	0.001797049
1482	1.600000024	-1.399999976	0.001964214
1483	1.600000024	-1.299999952	0.002149161
1484	1.600000024	-1.200000048	0.002354100
1485	1.600000024	-1.100000024	0.002581567
1486	1.600000024	-1.000000000	0.002834480
1487	1.600000024	-0.899999976	0.003116203
1488	1.600000024	-0.800000012	0.003430641
1489	1.600000024	-0.699999988	0.003782329
1490	1.600000024	-0.600000024	0.004176555
1491	1.600000024	-0.500000000	0.004619528
1492	1.600000024	-0.400000006	0.005118532
1493	1.600000024	-0.300000012	0.005682205
1494	1.600000024	-0.200000003	0.006320793
1495	1.600000024	-0.100000001	0.007046530
1496	1.600000024	0.000000000	0.007874107
1497	1.600000024	0.100000001	0.008821248
1498	1.600000024	0.200000003	0.009909498
1499	1.600000024	0.300000012	0.011165150
1500	1.600000024	0.400000006	0.012620530
1501	1.600000024	0.500000000	0.014315576
1502	1.600000024	0.600000024	0.016299870
1503	1.600000024	0.699999988	0.018635165
1504	1.600000024	0.800000012	0.021398291
1505	1.600000024	0.899999976	0.024684086
1506	1.600000024	1.000000000	0.028606748
1507	1.600000024	1.100000024	0.033295091
1508	1.600000024	1.200000048	0.038868565
1509	1.600000024	1.299999952	0.045353793
1510	1.600000024	1.399999976	0.052421838
1511	1.600000024	1.500000000	0.058600061
1512	1.600000024	1.600000024	0.059694253
1513	1.600000024	1.700000048	0.052420817
1514	1.600000024	1.799999952	0.042029582
1515	1.600000024	1.899999976	0.032666888
1516	1.600000024	2.000000000	0.025207059
1517	1.700000048	-2.000000000	0.000961776
1518	1.700000048	-1.899999976	0.001045717
1519	1.700000048	-1.799999952	0.001137866
1520	1.700000048	-1.700000048	0.001239140
1521	1.700000048	-1.600000024	0.001350575
1522	1.700000048	-1.500000000	0.001473347
1523	1.700000048	-1.399999976	0.001608786
1524	1.700000048	-1.299999952	0.001758408
1525	1.700000048	-1.200000048	0.001923941
1526	1.700000048	-1.100000024	0.002107365
1527	1.700000048	-1.000000000	0.002310946
1528	1.700000048	-0.899999976	0.002537291
1529	1.700000048	-0.800000012	0.002789417
1530	1.700000048	-0.699999988	0.003070810
1531	1.700000048	-0.600000024	0.003385528
1532	1.700000048	-0.500000000	0.003738302
1533	1.700000048	-0.400000006	0.004134678
1534	1.700000048	-0.300000012	0.004581180
1535	1.700000048	-0.200000003	0.005085522
1536	1.700000048	-0.100000001	0.005656870
1537	1.700000048	0.000000000	0.006306163
1538	1.700000048	0.100000001	0.007046529
1539	1.700000048	0.200000003	0.007893821
1540	1.700000048	0.300000012	0.008867283
1541	1.700000048	0.400000006	0.009990443
1542	1.700000048	0.500000000	0.011292160
1543	1.700000048	0.600000024	0.012808140
1544	1.700000048	0.699999988	0.014582702
1545	1.700000048	0.800000012	0.016671007
1546	1.700000048	0.899999976	0.019141736
1547	1.700000048	1.000000000	0.022079613
1548	1.700000048	1.100000024	0.025586708
1549	1.700000048	1.200000048	0.029778229
1550	1.700000048	1.299999952	0.034761075
1551	1.700000048	1.399999976	0.040559884
1552	1.700000048	1.500000000	0.046882898
1553	1.700000048	1.600000024	0.052420817
1554	1.700000048	1.700000048	0.053440768
1555	1.700000048	1.799999952	0.047004584
1556	1.700000048	1.899999976	0.037762381
1557	1.700000048	2.000000000	0.029409928
1558	1.799999952	-2.000000000	0.000794417
1559	1.799999952	-1.899999976	0.000863100
1560	1.799999952	-1.799999952	0.000938418
1561	1.799999952	-1.700000048	0.001021098
1562	1.799999952	-1.600000024	0.001111963
1563	1.799999952	-1.500000000	0.001211945
1564	1.799999952	-1.399999976	0.001322095
1565	1.799999952	-1.299999952	0.001443607
1566	1.799999952	-1.200000048	0.001577841
1567	1.799999952	-1.100000024	0.001726348
1568	1.799999952	-1.000000000	0.001890899
1569	1.799999952	-0.899999976	0.002073528
1570	1.799999952	-0.800000012	0.002276578
1571	1.799999952	-0.699999988	0.002502744
1572	1.799999952	-0.600000024	0.002755160
1573	1.799999952	-0.500000000	0.003037457
1574	1.799999952	-0.400000006	0.003353880
1575	1.799999952	-0.300000012	0.003709402
1576	1.799999952	-0.200000003	0.004109871
1577	1.799999952	-0.100000001	0.004562198
1578	1.799999952	0.000000000	0.005074596
1579	1.799999952	0.100000001	0.005656870
1580	1.799999952	0.200000003	0.006320793
1581	1.799999952	0.300000012	0.007080565
1582	1.799999952	0.400000006	0.007953431
1583	1.799999952	0.500000000	0.008960455
1584	1.799999952	0.600000024	0.010127528
1585	1.799999952	0.699999988	0.011486611
1586	1.799999952	0.800000012	0.013077410
1587	1.799999952	0.899999976	0.014949342
1588	1.799999952	1.000000000	0.017163912
1589	1.799999952	1.100000024	0.019797051
1590	1.799999952	1.200000048	0.022940168
1591	1.799999952	1.299999952	0.026696542
1592	1.799999952	1.399999976	0.031162146
1593	1.799999952	1.500000000	0.036359653
1594	1.799999952	1.600000024	0.042029582
1595	1.799999952	1.700000048	0.047004584
1596	1.799999952	1.799999952	0.047953408
1597	1.799999952	1.899999976	0.042240910
1598	1.799999952	2.000000000	0.033998501
1599	1.899999976	-2.000000000	0.000658079
1600	1.899999976	-1.899999976	0.000714461
1601	1.899999976	-1.799999952	0.000776223
1602	1.899999976	-1.700000048	0.000843949
1603	1.899999976	-1.600000024	0.000918294
1604	1.899999976	-1.500000000	0.000999999
1605	1.899999976	-1.399999976	0.001089899
1606	1.899999976	-1.299999952	0.001188939
1607	1.899999976	-1.200000048	0.001298195
1608	1.899999976	-1.100000024	0.001418886
1609	1.899999976	-1.000000000	0.001552406
1610	1.899999976	-0.899999976	0.001700349
1611	1.899999976	-0.800000012	0.001864544
1612	1.899999976	-0.699999988	0.002047088
1613	1.899999976	-0.600000024	0.002250414
1614	1.899999976	-0.500000000	0.002477328
1615	1.899999976	-0.400000006	0.002731101
1616	1.899999976	-0.300000012	0.003015543
1617	1.899999976	-0.200000003	0.003335120
1618	1.899999976	-0.100000001	0.003695087
1619	1.899999976	0.000000000	0.004101652
1620	1.899999976	0.100000001	0.004562198
1621	1.899999976	0.200000003	0.005085526
1622	1.899999976	0.300000012	0.005682206
1623	1.899999976	0.400000006	0.006365001
1624	1.899999976	0.500000000	0.007149393
1625	1.899999976	0.600000024	0.008054299
1626	1.899999976	0.699999988	0.009102965
1627	1.899999976	0.800000012	0.010324094
1628	1.899999976	0.899999976	0.011753330
1629	1.899999976	1.000000000	0.013435047
1630	1.899999976	1.100000024	0.015424468
1631	1.899999976	1.200000048	0.017789742
1632	1.899999976	1.299999952	0.020612976
1633	1.899999976	1.399999976	0.023986930
1634	1.899999976	1.500000000	0.027997941
1635	1.899999976	1.600000024	0.032666888
1636	1.899999976	1.700000048	0.037762385
1637	1.899999976	1.799999952	0.042240910
1638	1.899999976	1.899999976	0.043122217
1639	1.899999976	2.000000000	0.038037922
1640	2.000000000	-2.000000000	0.000546617
1641	2.000000000	-1.899999976	0.000593042
1642	2.000000000	-1.799999952	0.000643845
1643	2.000000000	-1.700000048	0.000699495
1644	2.000000000	-1.600000024	0.000760518
1645	2.000000000	-1.500000000	0.000827504
1646	2.000000000	-1.399999976	0.000901119
1647	2.000000000	-1.299999952	0.000982117
1648	2.000000000	-1.200000048	0.001071349
1649	2.000000000	-1.100000024	0.001169782
1650	2.000000000	-1.000000000	0.001278518
1651	2.000000000	-0.899999976	0.001398808
1652	2.000000000	-0.800000012	0.001532089
1653	2.000000000	-0.699999988	0.001680006
1654	2.000000000	-0.600000024	0.001844455
1655	2.000000000	-0.500000000	0.002027616
1656	2.000000000	-0.400000006	0.002232023
1657	2.000000000	-0.300000012	0.002460615
1658	2.000000000	-0.200000003	0.002716829
1659	2.000000000	-0.100000001	0.003004683
1660	2.000000000	0.000000000	0.003328903
1661	2.000000000	0.100000001	0.003695086
1662	2.000000000	0.200000003	0.004109872
1663	2.000000000	0.300000012	0.004581182
1664	2.000000000	0.400000006	0.005118535
1665	2.000000000	0.500000000	0.005733409
1666	2.000000000	0.600000024	0.006439744
1667	2.000000000	0.699999988	0.007254567
1668	2.000000000	0.800000012	0.008198783
1669	2.000000000	0.899999976	0.009298224
1670	2.000000000	1.000000000	0.010584964
1671	2.000000000	1.100000024	0.012098930
1672	2.000000000	1.200000048	0.013889796
1673	2.000000000	1.299999952	0.016018879
1674	2.000000000	1.399999976	0.018560069
1675	2.000000000	1.500000000	0.021596856
1676	2.000000000	1.600000024	0.025207061
1677	2.000000000	1.700000048	0.029409928
1678	2.000000000	1.799999952	0.033998501
1679	2.000000000	1.899999976	0.038037922
1680	2.000000000	2.000000000	0.038855601
